Sequence number,Sequence ID,Functionality,V-GENE and allele,J-GENE and allele,D-GENE and allele,V-D-J-REGION,V-J-REGION,V-REGION,FR1-IMGT,CDR1-IMGT,FR2-IMGT,CDR2-IMGT,FR3-IMGT,CDR3-IMGT,JUNCTION,3'V-REGION,(N-D)-J-REGION,(N-D)-REGION,P3'V,N-REGION,N1-REGION,P5'D,D-REGION,P3'D,N2-REGION,P5'J,5'J-REGION,D-J-REGION,J-REGION,FR4-IMGT,V-D-J-REGION start,V-D-J-REGION end,V-J-REGION start,V-J-REGION end,V-REGION start,V-REGION end,FR1-IMGT start,FR1-IMGT end,CDR1-IMGT start,CDR1-IMGT end,FR2-IMGT start,FR2-IMGT end,CDR2-IMGT start,CDR2-IMGT end,FR3-IMGT start,FR3-IMGT end,CDR3-IMGT start,CDR3-IMGT end,JUNCTION start,JUNCTION end,3'V-REGION start,3'V-REGION end,(N-D)-J-REGION start,(N-D)-J-REGION end,(N-D)-REGION start,(N-D)-REGION end,P3'V start,P3'V end,N-REGION start,N-REGION end,N1-REGION start,N1-REGION end,P5'D start,P5'D end,D-REGION start,D-REGION end,P3'D start,P3'D end,N2-REGION start,N2-REGION end,P5'J start,P5'J end,5'J-REGION start,5'J-REGION end,D-J-REGION start,D-J-REGION end,J-REGION start,J-REGION end,FR4-IMGT start,FR4-IMGT end
2,154,productive,Danrer IGHV9-2*01 F,Danrer IGHJ2-2*01 F,Danrer IGHD2-3*01 F,tcagtcggtgattctgataaaagcacagctcagtcagtgcagggcagattcacggcatctaaagacagctccaatttctatctgcacatgaatcaactgaagactgaagatactgctgtgtattactgtgcaagagagaggtacggtgcctttgactactggggaaagggaacaatggtcactgtcacatcag,,tcagtcggtgattctgataaaagcacagctcagtcagtgcagggcagattcacggcatctaaagacagctccaatttctatctgcacatgaatcaactgaagactgaagatactgctgtgtattactgtgcaa,,,,tcagtcggtgattct,gataaaagcacagctcagtcagtgcagggcagattcacggcatctaaagacagctccaatttctatctgcacatgaatcaactgaagactgaagatactgctgtgtattactgt,gcaagagagaggtacggtgcctttgactac,tgtgcaagagagaggtacggtgcctttgactactgg,tgtgcaa,gagagaggtacggtgcctttgactactggggaaagggaacaatggtcactgtcacatcag,gagagaggt,,,ga,,gagagg,,,t,acggtgcctttgactactgg,gagaggtacggtgcctttgactactggggaaagggaacaatggtcactgtcacatcag,acggtgcctttgactactggggaaagggaacaatggtcactgtcacatcag,tggggaaagggaacaatggtcactgtcacatcag,1,193,,,1,133,,,,,,,1,15,16,129,130,159,127,162,127,133,134,193,134,142,,,,,134,135,,,136,141,,,,,142,142,143,162,136,193,143,193,160,193
3,160,productive,Danrer IGHV9-2*01 F,Danrer IGHJ2-2*01 F,Danrer IGHD2-3*01 F,tcagtcggtgattctgataaaagcacagctcagtcagtgcagggcagattcacggcatctaaagacagctccaatttctatctgcacatgaatcaactgaagactgaagatactgctgtgtattactgtgcaagagagaggtacggtgcctttgactactggggaaagggagcaatggtcactgtcacatcag,,tcagtcggtgattctgataaaagcacagctcagtcagtgcagggcagattcacggcatctaaagacagctccaatttctatctgcacatgaatcaactgaagactgaagatactgctgtgtattactgtgcaa,,,,tcagtcggtgattct,gataaaagcacagctcagtcagtgcagggcagattcacggcatctaaagacagctccaatttctatctgcacatgaatcaactgaagactgaagatactgctgtgtattactgt,gcaagagagaggtacggtgcctttgactac,tgtgcaagagagaggtacggtgcctttgactactgg,tgtgcaa,gagagaggtacggtgcctttgactactggggaaagggagcaatggtcactgtcacatcag,gagagaggt,,,ga,,gagagg,,,t,acggtgcctttgactactgg,gagaggtacggtgcctttgactactggggaaagggagcaatggtcactgtcacatcag,acggtgcctttgactactggggaaagggagcaatggtcactgtcacatcag,tggggaaagggagcaatggtcactgtcacatcag,1,193,,,1,133,,,,,,,1,15,16,129,130,159,127,162,127,133,134,193,134,142,,,,,134,135,,,136,141,,,,,142,142,143,162,136,193,143,193,160,193
4,172,productive,Danrer IGHV9-2*01 F,Danrer IGHJ2-2*01 F,Danrer IGHD2-3*01 F,tcagtcggtgattctgataaaagcacagttcagtcagtgcagggcagattcacggcatctaaagacagctccaatttctatctgcacatgaatcaactgaagactgaagatactgctgtgtattactgtgcaagagagaggtacggtgcctttgactactggggaaagggaacaatggtcactgtcacatcag,,tcagtcggtgattctgataaaagcacagttcagtcagtgcagggcagattcacggcatctaaagacagctccaatttctatctgcacatgaatcaactgaagactgaagatactgctgtgtattactgtgcaa,,,,tcagtcggtgattct,gataaaagcacagttcagtcagtgcagggcagattcacggcatctaaagacagctccaatttctatctgcacatgaatcaactgaagactgaagatactgctgtgtattactgt,gcaagagagaggtacggtgcctttgactac,tgtgcaagagagaggtacggtgcctttgactactgg,tgtgcaa,gagagaggtacggtgcctttgactactggggaaagggaacaatggtcactgtcacatcag,gagagaggt,,,ga,,gagagg,,,t,acggtgcctttgactactgg,gagaggtacggtgcctttgactactggggaaagggaacaatggtcactgtcacatcag,acggtgcctttgactactggggaaagggaacaatggtcactgtcacatcag,tggggaaagggaacaatggtcactgtcacatcag,1,193,,,1,133,,,,,,,1,15,16,129,130,159,127,162,127,133,134,193,134,142,,,,,134,135,,,136,141,,,,,142,142,143,162,136,193,143,193,160,193
5,185,productive,Danrer IGHV9-2*01 F,Danrer IGHJ2-2*01 F,Danrer IGHD2-2*01 F,ccagtcggtgattctgataaaagcacagctcagtcagtgcagggcagattcacggcatctaaagacagctccaatttctatctgcacatgaatcaactgaagactgaagatactgctgtgtattactgtgcaagaaaagcgtacggtgcctttgactactggggaaagggaacaatggtcactgtcacatcag,,ccagtcggtgattctgataaaagcacagctcagtcagtgcagggcagattcacggcatctaaagacagctccaatttctatctgcacatgaatcaactgaagactgaagatactgctgtgtattactgtgcaa,,,,ccagtcggtgattct,gataaaagcacagctcagtcagtgcagggcagattcacggcatctaaagacagctccaatttctatctgcacatgaatcaactgaagactgaagatactgctgtgtattactgt,gcaagaaaagcgtacggtgcctttgactac,tgtgcaagaaaagcgtacggtgcctttgactactgg,tgtgcaa,gaaaagcgtacggtgcctttgactactggggaaagggaacaatggtcactgtcacatcag,gaaaagcgt,,,g,,aaaagc,,,gt,acggtgcctttgactactgg,aaaagcgtacggtgcctttgactactggggaaagggaacaatggtcactgtcacatcag,acggtgcctttgactactggggaaagggaacaatggtcactgtcacatcag,tggggaaagggaacaatggtcactgtcacatcag,1,193,,,1,133,,,,,,,1,15,16,129,130,159,127,162,127,133,134,193,134,142,,,,,134,134,,,135,140,,,,,141,142,143,162,135,193,143,193,160,193
6,196,productive,Danrer IGHV9-2*01 F,Danrer IGHJ2-2*01 F,Danrer IGHD2-3*01 F,ccagtcggtgattctgataaaagcacagctcagtcagtgcagggcagattcacggcatctaaagacagctccaatttctatctgcacatgaatcaactgaagactgaagatactgctgtgtattactgtgcaagagagaggtacggtgcctttgactactggggaaagggaacaatggtcactgtcacatcag,,ccagtcggtgattctgataaaagcacagctcagtcagtgcagggcagattcacggcatctaaagacagctccaatttctatctgcacatgaatcaactgaagactgaagatactgctgtgtattactgtgcaa,,,,ccagtcggtgattct,gataaaagcacagctcagtcagtgcagggcagattcacggcatctaaagacagctccaatttctatctgcacatgaatcaactgaagactgaagatactgctgtgtattactgt,gcaagagagaggtacggtgcctttgactac,tgtgcaagagagaggtacggtgcctttgactactgg,tgtgcaa,gagagaggtacggtgcctttgactactggggaaagggaacaatggtcactgtcacatcag,gagagaggt,,,ga,,gagagg,,,t,acggtgcctttgactactgg,gagaggtacggtgcctttgactactggggaaagggaacaatggtcactgtcacatcag,acggtgcctttgactactggggaaagggaacaatggtcactgtcacatcag,tggggaaagggaacaatggtcactgtcacatcag,1,193,,,1,133,,,,,,,1,15,16,129,130,159,127,162,127,133,134,193,134,142,,,,,134,135,,,136,141,,,,,142,142,143,162,136,193,143,193,160,193
7,201,productive,Danrer IGHV9-2*01 F,Danrer IGHJ2-2*01 F,Danrer IGHD2-3*01 F,tcagtcggtgattctgataaaagcacagctcagtcagtgcagggcagattcacggcatctaaagacagctccaatttctatctgcacatgaatcaactgaagactgaagatactgctgtgtattactgtgcaagagagaggtacggtgcctttgactactggggaaagggaacaatggtcactcgtcacatca,,tcagtcggtgattctgataaaagcacagctcagtcagtgcagggcagattcacggcatctaaagacagctccaatttctatctgcacatgaatcaactgaagactgaagatactgctgtgtattactgtgcaa,,,,tcagtcggtgattct,gataaaagcacagctcagtcagtgcagggcagattcacggcatctaaagacagctccaatttctatctgcacatgaatcaactgaagactgaagatactgctgtgtattactgt,gcaagagagaggtacggtgcctttgactac,tgtgcaagagagaggtacggtgcctttgactactgg,tgtgcaa,gagagaggtacggtgcctttgactactggggaaagggaacaatggtcactcgtcacatca,gagagaggt,,,ga,,gagagg,,,t,acggtgcctttgactactgg,gagaggtacggtgcctttgactactggggaaagggaacaatggtcactcgtcacatca,acggtgcctttgactactggggaaagggaacaatggtcactcgtcacatca,tggggaaagggaacaatggtcactcgtcacatca,1,193,,,1,133,,,,,,,1,15,16,129,130,159,127,162,127,133,134,193,134,142,,,,,134,135,,,136,141,,,,,142,142,143,162,136,193,143,193,160,193
8,216,productive,Danrer IGHV9-2*01 F,Danrer IGHJ2-2*01 F,Danrer IGHD2-3*01 F,tcagtcggtgattctgataacagcacagctcagtcagtgcagggcagattcacggcatctaaagacagctccaatttctatctgcacatgaatcaactgaagactgaagatactgctgtgtattactgtgcaagagagaggtacggtgcctttgactactggggaaagggaacaatggtcactgtcacatcag,,tcagtcggtgattctgataacagcacagctcagtcagtgcagggcagattcacggcatctaaagacagctccaatttctatctgcacatgaatcaactgaagactgaagatactgctgtgtattactgtgcaa,,,,tcagtcggtgattct,gataacagcacagctcagtcagtgcagggcagattcacggcatctaaagacagctccaatttctatctgcacatgaatcaactgaagactgaagatactgctgtgtattactgt,gcaagagagaggtacggtgcctttgactac,tgtgcaagagagaggtacggtgcctttgactactgg,tgtgcaa,gagagaggtacggtgcctttgactactggggaaagggaacaatggtcactgtcacatcag,gagagaggt,,,ga,,gagagg,,,t,acggtgcctttgactactgg,gagaggtacggtgcctttgactactggggaaagggaacaatggtcactgtcacatcag,acggtgcctttgactactggggaaagggaacaatggtcactgtcacatcag,tggggaaagggaacaatggtcactgtcacatcag,1,193,,,1,133,,,,,,,1,15,16,129,130,159,127,162,127,133,134,193,134,142,,,,,134,135,,,136,141,,,,,142,142,143,162,136,193,143,193,160,193
9,240,productive,Danrer IGHV9-2*01 F,Danrer IGHJ2-2*01 F,Danrer IGHD2-3*01 F,tcagtcggtgattctgataaaagcacagctcagtcagtgcagggcagattcacggcatctaaagacagctccaatttctatctgcacatgaatcaactggagactgaagatactgctgtgtattactgtgcaagagagaggtacggtgcctttgactactggggaaagggaacaatggtcactgtcacatcag,,tcagtcggtgattctgataaaagcacagctcagtcagtgcagggcagattcacggcatctaaagacagctccaatttctatctgcacatgaatcaactggagactgaagatactgctgtgtattactgtgcaa,,,,tcagtcggtgattct,gataaaagcacagctcagtcagtgcagggcagattcacggcatctaaagacagctccaatttctatctgcacatgaatcaactggagactgaagatactgctgtgtattactgt,gcaagagagaggtacggtgcctttgactac,tgtgcaagagagaggtacggtgcctttgactactgg,tgtgcaa,gagagaggtacggtgcctttgactactggggaaagggaacaatggtcactgtcacatcag,gagagaggt,,,ga,,gagagg,,,t,acggtgcctttgactactgg,gagaggtacggtgcctttgactactggggaaagggaacaatggtcactgtcacatcag,acggtgcctttgactactggggaaagggaacaatggtcactgtcacatcag,tggggaaagggaacaatggtcactgtcacatcag,1,193,,,1,133,,,,,,,1,15,16,129,130,159,127,162,127,133,134,193,134,142,,,,,134,135,,,136,141,,,,,142,142,143,162,136,193,143,193,160,193
10,250,productive,Danrer IGHV9-2*01 F,Danrer IGHJ2-2*01 F,Danrer IGHD2-3*01 F,tcagtcggtgattctgataaaagcacagctcagtcagtgcagggcagattcacggcatctaaagacagctccaattcctatctgcacatgaatcaactgaagactgaagatactgctgtgtattactgtgcaagagagaggtacggtgcctttgactactggggaaagggaacaatggtcactgtcacatcag,,tcagtcggtgattctgataaaagcacagctcagtcagtgcagggcagattcacggcatctaaagacagctccaattcctatctgcacatgaatcaactgaagactgaagatactgctgtgtattactgtgcaa,,,,tcagtcggtgattct,gataaaagcacagctcagtcagtgcagggcagattcacggcatctaaagacagctccaattcctatctgcacatgaatcaactgaagactgaagatactgctgtgtattactgt,gcaagagagaggtacggtgcctttgactac,tgtgcaagagagaggtacggtgcctttgactactgg,tgtgcaa,gagagaggtacggtgcctttgactactggggaaagggaacaatggtcactgtcacatcag,gagagaggt,,,ga,,gagagg,,,t,acggtgcctttgactactgg,gagaggtacggtgcctttgactactggggaaagggaacaatggtcactgtcacatcag,acggtgcctttgactactggggaaagggaacaatggtcactgtcacatcag,tggggaaagggaacaatggtcactgtcacatcag,1,193,,,1,133,,,,,,,1,15,16,129,130,159,127,162,127,133,134,193,134,142,,,,,134,135,,,136,141,,,,,142,142,143,162,136,193,143,193,160,193
11,284,productive,Danrer IGHV9-2*01 F,Danrer IGHJ2-2*01 F,Danrer IGHD2-3*01 F,tcagtcggtgattctgataaaagcacagctcagtcagtgcagggcagattcacggcatctaaagacagctccaatttctatctgcacatgaatcaactgaagactgaagatactgctgtgtattactgtgcaagagagaggtacggtgcctttgactactggggagagggaacaatggtcactgtcacatcag,,tcagtcggtgattctgataaaagcacagctcagtcagtgcagggcagattcacggcatctaaagacagctccaatttctatctgcacatgaatcaactgaagactgaagatactgctgtgtattactgtgcaa,,,,tcagtcggtgattct,gataaaagcacagctcagtcagtgcagggcagattcacggcatctaaagacagctccaatttctatctgcacatgaatcaactgaagactgaagatactgctgtgtattactgt,gcaagagagaggtacggtgcctttgactac,tgtgcaagagagaggtacggtgcctttgactactgg,tgtgcaa,gagagaggtacggtgcctttgactactggggagagggaacaatggtcactgtcacatcag,gagagaggt,,,ga,,gagagg,,,t,acggtgcctttgactactgg,gagaggtacggtgcctttgactactggggagagggaacaatggtcactgtcacatcag,acggtgcctttgactactggggagagggaacaatggtcactgtcacatcag,tggggagagggaacaatggtcactgtcacatcag,1,193,,,1,133,,,,,,,1,15,16,129,130,159,127,162,127,133,134,193,134,142,,,,,134,135,,,136,141,,,,,142,142,143,162,136,193,143,193,160,193
12,285,productive,Danrer IGHV9-2*01 F,Danrer IGHJ2-2*01 F,Danrer IGHD2-3*01 F,tctgtcggtgattctgataaaagcacagctcagtcagtgcagggcagattcacggcatctaaagacagctccaatttctatctgcacatgaatcaactgaagactgaagatactgctgtgtattactgtgcaagagagaggtacggtgcctttgactactggggaaagggaacaatggtcactgtcacatcag,,tctgtcggtgattctgataaaagcacagctcagtcagtgcagggcagattcacggcatctaaagacagctccaatttctatctgcacatgaatcaactgaagactgaagatactgctgtgtattactgtgcaa,,,,tctgtcggtgattct,gataaaagcacagctcagtcagtgcagggcagattcacggcatctaaagacagctccaatttctatctgcacatgaatcaactgaagactgaagatactgctgtgtattactgt,gcaagagagaggtacggtgcctttgactac,tgtgcaagagagaggtacggtgcctttgactactgg,tgtgcaa,gagagaggtacggtgcctttgactactggggaaagggaacaatggtcactgtcacatcag,gagagaggt,,,ga,,gagagg,,,t,acggtgcctttgactactgg,gagaggtacggtgcctttgactactggggaaagggaacaatggtcactgtcacatcag,acggtgcctttgactactggggaaagggaacaatggtcactgtcacatcag,tggggaaagggaacaatggtcactgtcacatcag,1,193,,,1,133,,,,,,,1,15,16,129,130,159,127,162,127,133,134,193,134,142,,,,,134,135,,,136,141,,,,,142,142,143,162,136,193,143,193,160,193
13,289,productive,Danrer IGHV9-2*01 F,Danrer IGHJ2-2*01 F,Danrer IGHD2-2*01 F,ccagtcggtgattctgataaaagcacagctcagtcagtgcagggcagattcacggcatctaaagacagctccaatttctatctgcacatgaatcaactgaagactgaagatactgccgtgtattactgtgcaagaaaagcgtacggtgcctttgactactggggaaagggaacaatggtcactgtcacatcag,,ccagtcggtgattctgataaaagcacagctcagtcagtgcagggcagattcacggcatctaaagacagctccaatttctatctgcacatgaatcaactgaagactgaagatactgccgtgtattactgtgcaa,,,,ccagtcggtgattct,gataaaagcacagctcagtcagtgcagggcagattcacggcatctaaagacagctccaatttctatctgcacatgaatcaactgaagactgaagatactgccgtgtattactgt,gcaagaaaagcgtacggtgcctttgactac,tgtgcaagaaaagcgtacggtgcctttgactactgg,tgtgcaa,gaaaagcgtacggtgcctttgactactggggaaagggaacaatggtcactgtcacatcag,gaaaagcgt,,,g,,aaaagc,,,gt,acggtgcctttgactactgg,aaaagcgtacggtgcctttgactactggggaaagggaacaatggtcactgtcacatcag,acggtgcctttgactactggggaaagggaacaatggtcactgtcacatcag,tggggaaagggaacaatggtcactgtcacatcag,1,193,,,1,133,,,,,,,1,15,16,129,130,159,127,162,127,133,134,193,134,142,,,,,134,134,,,135,140,,,,,141,142,143,162,135,193,143,193,160,193
14,298,productive,Danrer IGHV9-2*01 F,Danrer IGHJ2-2*01 F,Danrer IGHD2-3*01 F,tcagtcggtgattctgataaaagcacagctcagtcagtgcagggcagattcacggcatctaaagacagctccaatttatatctgcacatgaatcaacttaagactgaagacactgctgtgtattactgtgcaagagagaggtacggtgcctttgactactggggaaagggaacaatggtcactgtcacatcag,,tcagtcggtgattctgataaaagcacagctcagtcagtgcagggcagattcacggcatctaaagacagctccaatttatatctgcacatgaatcaacttaagactgaagacactgctgtgtattactgtgcaa,,,,tcagtcggtgattct,gataaaagcacagctcagtcagtgcagggcagattcacggcatctaaagacagctccaatttatatctgcacatgaatcaacttaagactgaagacactgctgtgtattactgt,gcaagagagaggtacggtgcctttgactac,tgtgcaagagagaggtacggtgcctttgactactgg,tgtgcaa,gagagaggtacggtgcctttgactactggggaaagggaacaatggtcactgtcacatcag,gagagaggt,,,ga,,gagagg,,,t,acggtgcctttgactactgg,gagaggtacggtgcctttgactactggggaaagggaacaatggtcactgtcacatcag,acggtgcctttgactactggggaaagggaacaatggtcactgtcacatcag,tggggaaagggaacaatggtcactgtcacatcag,1,193,,,1,133,,,,,,,1,15,16,129,130,159,127,162,127,133,134,193,134,142,,,,,134,135,,,136,141,,,,,142,142,143,162,136,193,143,193,160,193
15,304,productive,Danrer IGHV9-2*01 F,Danrer IGHJ2-2*01 F,Danrer IGHD2-3*01 F,caagtcggtgattctgataaaagcacagctcagtcagtgcagggcagattcacggcatctaaagacagctccaatttctatctgcacatgaatcaactgaagactgaagatactgctgtgtattactgtgcaagagagaggtacggtgcctttgactactggggaaagggaacaatggtcactgtcacatcag,,caagtcggtgattctgataaaagcacagctcagtcagtgcagggcagattcacggcatctaaagacagctccaatttctatctgcacatgaatcaactgaagactgaagatactgctgtgtattactgtgcaa,,,,caagtcggtgattct,gataaaagcacagctcagtcagtgcagggcagattcacggcatctaaagacagctccaatttctatctgcacatgaatcaactgaagactgaagatactgctgtgtattactgt,gcaagagagaggtacggtgcctttgactac,tgtgcaagagagaggtacggtgcctttgactactgg,tgtgcaa,gagagaggtacggtgcctttgactactggggaaagggaacaatggtcactgtcacatcag,gagagaggt,,,ga,,gagagg,,,t,acggtgcctttgactactgg,gagaggtacggtgcctttgactactggggaaagggaacaatggtcactgtcacatcag,acggtgcctttgactactggggaaagggaacaatggtcactgtcacatcag,tggggaaagggaacaatggtcactgtcacatcag,1,193,,,1,133,,,,,,,1,15,16,129,130,159,127,162,127,133,134,193,134,142,,,,,134,135,,,136,141,,,,,142,142,143,162,136,193,143,193,160,193
16,316,productive,Danrer IGHV9-2*01 F,Danrer IGHJ2-2*01 F,Danrer IGHD2-3*01 F,tcagtcggtgattctgataaaagcacagctcagtcagtgcagggcagattcacggcatctaaagacagctccaatttctatctgcacatgaatcaactgaagactgaagatactgctgcgtattactgtgcaagagagaggtacggtgcctttgactactggggaaagggaacaatggtcactgtcacatcag,,tcagtcggtgattctgataaaagcacagctcagtcagtgcagggcagattcacggcatctaaagacagctccaatttctatctgcacatgaatcaactgaagactgaagatactgctgcgtattactgtgcaa,,,,tcagtcggtgattct,gataaaagcacagctcagtcagtgcagggcagattcacggcatctaaagacagctccaatttctatctgcacatgaatcaactgaagactgaagatactgctgcgtattactgt,gcaagagagaggtacggtgcctttgactac,tgtgcaagagagaggtacggtgcctttgactactgg,tgtgcaa,gagagaggtacggtgcctttgactactggggaaagggaacaatggtcactgtcacatcag,gagagaggt,,,ga,,gagagg,,,t,acggtgcctttgactactgg,gagaggtacggtgcctttgactactggggaaagggaacaatggtcactgtcacatcag,acggtgcctttgactactggggaaagggaacaatggtcactgtcacatcag,tggggaaagggaacaatggtcactgtcacatcag,1,193,,,1,133,,,,,,,1,15,16,129,130,159,127,162,127,133,134,193,134,142,,,,,134,135,,,136,141,,,,,142,142,143,162,136,193,143,193,160,193
17,333,productive,Danrer IGHV9-2*01 F,Danrer IGHJ2-2*01 F,Danrer IGHD2-3*01 F,tcagtcggtgattctgataaaagcacagctcagtcagtgcggggcagattcacggcatctaaagacagctccaatttctatctgcacatgaatcaactgaagactgaagatactgctgtgtattactgtgcaagagagaggtacggtgcctttgactactggggaaagggaacaatggtcactgtcacatcag,,tcagtcggtgattctgataaaagcacagctcagtcagtgcggggcagattcacggcatctaaagacagctccaatttctatctgcacatgaatcaactgaagactgaagatactgctgtgtattactgtgcaa,,,,tcagtcggtgattct,gataaaagcacagctcagtcagtgcggggcagattcacggcatctaaagacagctccaatttctatctgcacatgaatcaactgaagactgaagatactgctgtgtattactgt,gcaagagagaggtacggtgcctttgactac,tgtgcaagagagaggtacggtgcctttgactactgg,tgtgcaa,gagagaggtacggtgcctttgactactggggaaagggaacaatggtcactgtcacatcag,gagagaggt,,,ga,,gagagg,,,t,acggtgcctttgactactgg,gagaggtacggtgcctttgactactggggaaagggaacaatggtcactgtcacatcag,acggtgcctttgactactggggaaagggaacaatggtcactgtcacatcag,tggggaaagggaacaatggtcactgtcacatcag,1,193,,,1,133,,,,,,,1,15,16,129,130,159,127,162,127,133,134,193,134,142,,,,,134,135,,,136,141,,,,,142,142,143,162,136,193,143,193,160,193
18,334,productive,Danrer IGHV9-2*01 F,Danrer IGHJ2-2*01 F,Danrer IGHD2-3*01 F,tcagtcggtgattctgataaaagcacggctcagtcagtgcagggcagattcacggcatctaaagacagctccaatttctatctgcacatgaatcaactgaagactgaagatactgctgtgtattactgtgcaagagagaggtacggtgcctttgactactggggaaagggaacaatggtcactgtcacatcag,,tcagtcggtgattctgataaaagcacggctcagtcagtgcagggcagattcacggcatctaaagacagctccaatttctatctgcacatgaatcaactgaagactgaagatactgctgtgtattactgtgcaa,,,,tcagtcggtgattct,gataaaagcacggctcagtcagtgcagggcagattcacggcatctaaagacagctccaatttctatctgcacatgaatcaactgaagactgaagatactgctgtgtattactgt,gcaagagagaggtacggtgcctttgactac,tgtgcaagagagaggtacggtgcctttgactactgg,tgtgcaa,gagagaggtacggtgcctttgactactggggaaagggaacaatggtcactgtcacatcag,gagagaggt,,,ga,,gagagg,,,t,acggtgcctttgactactgg,gagaggtacggtgcctttgactactggggaaagggaacaatggtcactgtcacatcag,acggtgcctttgactactggggaaagggaacaatggtcactgtcacatcag,tggggaaagggaacaatggtcactgtcacatcag,1,193,,,1,133,,,,,,,1,15,16,129,130,159,127,162,127,133,134,193,134,142,,,,,134,135,,,136,141,,,,,142,142,143,162,136,193,143,193,160,193
19,354,productive,Danrer IGHV9-2*01 F,Danrer IGHJ2-2*01 F,Danrer IGHD2-2*01 F,tcagtcggtgattctgataaaagcacagctcagtcagtgcagggcagattcacggcatctaaagacagctccaatttctatctgcacatgaatcaactgaagactgaagatactgctgtgtattactgtgcaagaaaagcgtacggtgcctttgactactggggaaagggaacaatggtcactgtcacatcag,,tcagtcggtgattctgataaaagcacagctcagtcagtgcagggcagattcacggcatctaaagacagctccaatttctatctgcacatgaatcaactgaagactgaagatactgctgtgtattactgtgcaa,,,,tcagtcggtgattct,gataaaagcacagctcagtcagtgcagggcagattcacggcatctaaagacagctccaatttctatctgcacatgaatcaactgaagactgaagatactgctgtgtattactgt,gcaagaaaagcgtacggtgcctttgactac,tgtgcaagaaaagcgtacggtgcctttgactactgg,tgtgcaa,gaaaagcgtacggtgcctttgactactggggaaagggaacaatggtcactgtcacatcag,gaaaagcgt,,,g,,aaaagc,,,gt,acggtgcctttgactactgg,aaaagcgtacggtgcctttgactactggggaaagggaacaatggtcactgtcacatcag,acggtgcctttgactactggggaaagggaacaatggtcactgtcacatcag,tggggaaagggaacaatggtcactgtcacatcag,1,193,,,1,133,,,,,,,1,15,16,129,130,159,127,162,127,133,134,193,134,142,,,,,134,134,,,135,140,,,,,141,142,143,162,135,193,143,193,160,193
21,376,productive,Danrer IGHV9-2*01 F,Danrer IGHJ2-2*01 F,Danrer IGHD2-3*01 F,ccagtcggtgattctgataacagcacagctcagtcagtgcagggcagattcacggcatctaaagacagctccaatttctatctgcacatgaatcaactgaagactgaagatactgctgtgtattactgtgcaagagagaggtacggtgcctttgactactggggaaagggaacaatggtcactgtcacatcag,,ccagtcggtgattctgataacagcacagctcagtcagtgcagggcagattcacggcatctaaagacagctccaatttctatctgcacatgaatcaactgaagactgaagatactgctgtgtattactgtgcaa,,,,ccagtcggtgattct,gataacagcacagctcagtcagtgcagggcagattcacggcatctaaagacagctccaatttctatctgcacatgaatcaactgaagactgaagatactgctgtgtattactgt,gcaagagagaggtacggtgcctttgactac,tgtgcaagagagaggtacggtgcctttgactactgg,tgtgcaa,gagagaggtacggtgcctttgactactggggaaagggaacaatggtcactgtcacatcag,gagagaggt,,,ga,,gagagg,,,t,acggtgcctttgactactgg,gagaggtacggtgcctttgactactggggaaagggaacaatggtcactgtcacatcag,acggtgcctttgactactggggaaagggaacaatggtcactgtcacatcag,tggggaaagggaacaatggtcactgtcacatcag,1,193,,,1,133,,,,,,,1,15,16,129,130,159,127,162,127,133,134,193,134,142,,,,,134,135,,,136,141,,,,,142,142,143,162,136,193,143,193,160,193
22,379,productive,Danrer IGHV9-2*01 F,Danrer IGHJ2-2*01 F,Danrer IGHD2-3*01 F,ccagtcggtgattctgataaaagcacagctcagtcagtgcagggcagattcacggcatcgaaagacagctccaatttctatctgcacatgaatcaactgaagactgaagatactgctgtgtattactgtgcaagagagaggtacggtgcctttgactactggggaaagggaacaatggtcactgtcacatcag,,ccagtcggtgattctgataaaagcacagctcagtcagtgcagggcagattcacggcatcgaaagacagctccaatttctatctgcacatgaatcaactgaagactgaagatactgctgtgtattactgtgcaa,,,,ccagtcggtgattct,gataaaagcacagctcagtcagtgcagggcagattcacggcatcgaaagacagctccaatttctatctgcacatgaatcaactgaagactgaagatactgctgtgtattactgt,gcaagagagaggtacggtgcctttgactac,tgtgcaagagagaggtacggtgcctttgactactgg,tgtgcaa,gagagaggtacggtgcctttgactactggggaaagggaacaatggtcactgtcacatcag,gagagaggt,,,ga,,gagagg,,,t,acggtgcctttgactactgg,gagaggtacggtgcctttgactactggggaaagggaacaatggtcactgtcacatcag,acggtgcctttgactactggggaaagggaacaatggtcactgtcacatcag,tggggaaagggaacaatggtcactgtcacatcag,1,193,,,1,133,,,,,,,1,15,16,129,130,159,127,162,127,133,134,193,134,142,,,,,134,135,,,136,141,,,,,142,142,143,162,136,193,143,193,160,193
23,390,productive,Danrer IGHV9-2*01 F,Danrer IGHJ2-2*01 F,Danrer IGHD2-3*01 F,tcagtcggtgattctgataaaagcacagctcagtcagtgcagggcagattcacggcatctaaagacagctccaatttctatctgcacatgaatcaactgaagactgaagatactgctgtgtattactgtgcaagagagaggtacggtgcctttgactactggggaaagggaacaatggccactgtcacatcag,,tcagtcggtgattctgataaaagcacagctcagtcagtgcagggcagattcacggcatctaaagacagctccaatttctatctgcacatgaatcaactgaagactgaagatactgctgtgtattactgtgcaa,,,,tcagtcggtgattct,gataaaagcacagctcagtcagtgcagggcagattcacggcatctaaagacagctccaatttctatctgcacatgaatcaactgaagactgaagatactgctgtgtattactgt,gcaagagagaggtacggtgcctttgactac,tgtgcaagagagaggtacggtgcctttgactactgg,tgtgcaa,gagagaggtacggtgcctttgactactggggaaagggaacaatggccactgtcacatcag,gagagaggt,,,ga,,gagagg,,,t,acggtgcctttgactactgg,gagaggtacggtgcctttgactactggggaaagggaacaatggccactgtcacatcag,acggtgcctttgactactggggaaagggaacaatggccactgtcacatcag,tggggaaagggaacaatggccactgtcacatcag,1,193,,,1,133,,,,,,,1,15,16,129,130,159,127,162,127,133,134,193,134,142,,,,,134,135,,,136,141,,,,,142,142,143,162,136,193,143,193,160,193
24,413,productive,Danrer IGHV9-2*01 F,Danrer IGHJ2-2*01 F,Danrer IGHD2-3*01 F,tcagtcggtgattctgataaaagcacagctcagtcagtgcagggcagattcacggcatctaaagacagctccaatttctatctgcacatgaatcaactgaagactgaagatactgctgtgtattactgtgcaagagagaggtacggtgcctttgactactggggaaagggaacaatggtcacagtgacatcag,,tcagtcggtgattctgataaaagcacagctcagtcagtgcagggcagattcacggcatctaaagacagctccaatttctatctgcacatgaatcaactgaagactgaagatactgctgtgtattactgtgcaa,,,,tcagtcggtgattct,gataaaagcacagctcagtcagtgcagggcagattcacggcatctaaagacagctccaatttctatctgcacatgaatcaactgaagactgaagatactgctgtgtattactgt,gcaagagagaggtacggtgcctttgactac,tgtgcaagagagaggtacggtgcctttgactactgg,tgtgcaa,gagagaggtacggtgcctttgactactggggaaagggaacaatggtcacagtgacatcag,gagagaggt,,,ga,,gagagg,,,t,acggtgcctttgactactgg,gagaggtacggtgcctttgactactggggaaagggaacaatggtcacagtgacatcag,acggtgcctttgactactggggaaagggaacaatggtcacagtgacatcag,tggggaaagggaacaatggtcacagtgacatcag,1,193,,,1,133,,,,,,,1,15,16,129,130,159,127,162,127,133,134,193,134,142,,,,,134,135,,,136,141,,,,,142,142,143,162,136,193,143,193,160,193
25,420,productive,Danrer IGHV9-2*01 F,Danrer IGHJ2-2*01 F,Danrer IGHD2-3*01 F,tcagtcggtgattctgataaaagcacagctcagtcagtgcagggcagattcacggcatctaaagacggctccaatttctatctgcacatgaatcaactgaagactgaagatactgctgtgtattactgtgcaagagagaggtacggtgcctttgactactggggaaagggaacaatggtcactgtcacatcag,,tcagtcggtgattctgataaaagcacagctcagtcagtgcagggcagattcacggcatctaaagacggctccaatttctatctgcacatgaatcaactgaagactgaagatactgctgtgtattactgtgcaa,,,,tcagtcggtgattct,gataaaagcacagctcagtcagtgcagggcagattcacggcatctaaagacggctccaatttctatctgcacatgaatcaactgaagactgaagatactgctgtgtattactgt,gcaagagagaggtacggtgcctttgactac,tgtgcaagagagaggtacggtgcctttgactactgg,tgtgcaa,gagagaggtacggtgcctttgactactggggaaagggaacaatggtcactgtcacatcag,gagagaggt,,,ga,,gagagg,,,t,acggtgcctttgactactgg,gagaggtacggtgcctttgactactggggaaagggaacaatggtcactgtcacatcag,acggtgcctttgactactggggaaagggaacaatggtcactgtcacatcag,tggggaaagggaacaatggtcactgtcacatcag,1,193,,,1,133,,,,,,,1,15,16,129,130,159,127,162,127,133,134,193,134,142,,,,,134,135,,,136,141,,,,,142,142,143,162,136,193,143,193,160,193
26,444,productive,Danrer IGHV9-2*01 F,Danrer IGHJ2-2*01 F,Danrer IGHD2-3*01 F,tcagtcggtgattctgataaaagcacagctcagtcagtgcagggcagattcacggcatctaaagacagctccaatttctatctgcatatgaatcaactgaagactgaagatactgctgtgtattactgtgcaagagagaggtacggtgcctttgactactggggaaagggaacaatggtcactgtcacatcag,,tcagtcggtgattctgataaaagcacagctcagtcagtgcagggcagattcacggcatctaaagacagctccaatttctatctgcatatgaatcaactgaagactgaagatactgctgtgtattactgtgcaa,,,,tcagtcggtgattct,gataaaagcacagctcagtcagtgcagggcagattcacggcatctaaagacagctccaatttctatctgcatatgaatcaactgaagactgaagatactgctgtgtattactgt,gcaagagagaggtacggtgcctttgactac,tgtgcaagagagaggtacggtgcctttgactactgg,tgtgcaa,gagagaggtacggtgcctttgactactggggaaagggaacaatggtcactgtcacatcag,gagagaggt,,,ga,,gagagg,,,t,acggtgcctttgactactgg,gagaggtacggtgcctttgactactggggaaagggaacaatggtcactgtcacatcag,acggtgcctttgactactggggaaagggaacaatggtcactgtcacatcag,tggggaaagggaacaatggtcactgtcacatcag,1,193,,,1,133,,,,,,,1,15,16,129,130,159,127,162,127,133,134,193,134,142,,,,,134,135,,,136,141,,,,,142,142,143,162,136,193,143,193,160,193
27,466,productive,Danrer IGHV9-2*01 F,Danrer IGHJ2-2*01 F,Danrer IGHD2-3*01 F,tcagtcggtgattctgataaaagcacagctcagtcagtgcagggcagattcacggcatctaaagacagctccaatttctatctgcacatgaatcaactgaagactgaagatactgctgtgtattactgtgcaagagagaggtacggcgcctttgactactggggaaagggaacaatggtcactgtcacatcag,,tcagtcggtgattctgataaaagcacagctcagtcagtgcagggcagattcacggcatctaaagacagctccaatttctatctgcacatgaatcaactgaagactgaagatactgctgtgtattactgtgcaa,,,,tcagtcggtgattct,gataaaagcacagctcagtcagtgcagggcagattcacggcatctaaagacagctccaatttctatctgcacatgaatcaactgaagactgaagatactgctgtgtattactgt,gcaagagagaggtacggcgcctttgactac,tgtgcaagagagaggtacggcgcctttgactactgg,tgtgcaa,gagagaggtacggcgcctttgactactggggaaagggaacaatggtcactgtcacatcag,gagagaggt,,,ga,,gagagg,,,t,acggcgcctttgactactgg,gagaggtacggcgcctttgactactggggaaagggaacaatggtcactgtcacatcag,acggcgcctttgactactggggaaagggaacaatggtcactgtcacatcag,tggggaaagggaacaatggtcactgtcacatcag,1,193,,,1,133,,,,,,,1,15,16,129,130,159,127,162,127,133,134,193,134,142,,,,,134,135,,,136,141,,,,,142,142,143,162,136,193,143,193,160,193
28,499,productive,Danrer IGHV9-2*01 F,Danrer IGHJ2-2*01 F,Danrer IGHD2-3*01 F,tcagtcggtgattctgataaaagcacagctcagtcagtgcagggcagattcacggcatctaaagacagctccaatttctatctgcacatgaatcaactgaagactgaagatactgctgtgtattactgtgcaagagagaggtacggtgcctttgactactggggaaagggaacaatggtcactgtcacatcgg,,tcagtcggtgattctgataaaagcacagctcagtcagtgcagggcagattcacggcatctaaagacagctccaatttctatctgcacatgaatcaactgaagactgaagatactgctgtgtattactgtgcaa,,,,tcagtcggtgattct,gataaaagcacagctcagtcagtgcagggcagattcacggcatctaaagacagctccaatttctatctgcacatgaatcaactgaagactgaagatactgctgtgtattactgt,gcaagagagaggtacggtgcctttgactac,tgtgcaagagagaggtacggtgcctttgactactgg,tgtgcaa,gagagaggtacggtgcctttgactactggggaaagggaacaatggtcactgtcacatcgg,gagagaggt,,,ga,,gagagg,,,t,acggtgcctttgactactgg,gagaggtacggtgcctttgactactggggaaagggaacaatggtcactgtcacatcgg,acggtgcctttgactactggggaaagggaacaatggtcactgtcacatcgg,tggggaaagggaacaatggtcactgtcacatcgg,1,193,,,1,133,,,,,,,1,15,16,129,130,159,127,162,127,133,134,193,134,142,,,,,134,135,,,136,141,,,,,142,142,143,162,136,193,143,193,160,193
29,507,productive,Danrer IGHV9-2*01 F,Danrer IGHJ2-2*01 F,Danrer IGHD2-3*01 F,aaggtcggtatttctgataaaagcacagctcagtcagtgcagggcagattcacggcatctaaagacagctccaatttctatctgcacatgaatcaactgaagactgaagatactgctgtgtattactgtgcaagagagaggtacggtgcctttgactactggggaaagggaacaatggtcactgtcacatcag,,aaggtcggtatttctgataaaagcacagctcagtcagtgcagggcagattcacggcatctaaagacagctccaatttctatctgcacatgaatcaactgaagactgaagatactgctgtgtattactgtgcaa,,,,aaggtcggtatttct,gataaaagcacagctcagtcagtgcagggcagattcacggcatctaaagacagctccaatttctatctgcacatgaatcaactgaagactgaagatactgctgtgtattactgt,gcaagagagaggtacggtgcctttgactac,tgtgcaagagagaggtacggtgcctttgactactgg,tgtgcaa,gagagaggtacggtgcctttgactactggggaaagggaacaatggtcactgtcacatcag,gagagaggt,,,ga,,gagagg,,,t,acggtgcctttgactactgg,gagaggtacggtgcctttgactactggggaaagggaacaatggtcactgtcacatcag,acggtgcctttgactactggggaaagggaacaatggtcactgtcacatcag,tggggaaagggaacaatggtcactgtcacatcag,1,193,,,1,133,,,,,,,1,15,16,129,130,159,127,162,127,133,134,193,134,142,,,,,134,135,,,136,141,,,,,142,142,143,162,136,193,143,193,160,193
30,524,productive,Danrer IGHV9-2*01 F,Danrer IGHJ2-2*01 F,Danrer IGHD2-3*01 F,tcagtcggtgattctgataaaagcacagctcagtcagtgcagggcagattcacggcatctaaagacagctccaatttctatccgcacatgaatcaactgaagactgaagatactgctgtgtattactgtgcaagagagaggtacggtgcctttgactactggggaaagggaacaatggtcactgtcacatcag,,tcagtcggtgattctgataaaagcacagctcagtcagtgcagggcagattcacggcatctaaagacagctccaatttctatccgcacatgaatcaactgaagactgaagatactgctgtgtattactgtgcaa,,,,tcagtcggtgattct,gataaaagcacagctcagtcagtgcagggcagattcacggcatctaaagacagctccaatttctatccgcacatgaatcaactgaagactgaagatactgctgtgtattactgt,gcaagagagaggtacggtgcctttgactac,tgtgcaagagagaggtacggtgcctttgactactgg,tgtgcaa,gagagaggtacggtgcctttgactactggggaaagggaacaatggtcactgtcacatcag,gagagaggt,,,ga,,gagagg,,,t,acggtgcctttgactactgg,gagaggtacggtgcctttgactactggggaaagggaacaatggtcactgtcacatcag,acggtgcctttgactactggggaaagggaacaatggtcactgtcacatcag,tggggaaagggaacaatggtcactgtcacatcag,1,193,,,1,133,,,,,,,1,15,16,129,130,159,127,162,127,133,134,193,134,142,,,,,134,135,,,136,141,,,,,142,142,143,162,136,193,143,193,160,193
31,529,productive,Danrer IGHV9-2*01 F,Danrer IGHJ2-2*01 F,Danrer IGHD2-3*01 F,tcagtcggtgattctgataaaagcacagctcagtcagtgcagggcagattcacggcatctaaagacagctccaatttatatctgcacatgaatcaactgaagactgaagatactgctgtgtattactgtgcaagggagaggtacggtgcctttgactactggggaaagggaacaatggtcactgtcacatcag,,tcagtcggtgattctgataaaagcacagctcagtcagtgcagggcagattcacggcatctaaagacagctccaatttatatctgcacatgaatcaactgaagactgaagatactgctgtgtattactgtgcaa,,,,tcagtcggtgattct,gataaaagcacagctcagtcagtgcagggcagattcacggcatctaaagacagctccaatttatatctgcacatgaatcaactgaagactgaagatactgctgtgtattactgt,gcaagggagaggtacggtgcctttgactac,tgtgcaagggagaggtacggtgcctttgactactgg,tgtgcaa,gggagaggtacggtgcctttgactactggggaaagggaacaatggtcactgtcacatcag,gggagaggt,,,g,,ggagagg,,,t,acggtgcctttgactactgg,ggagaggtacggtgcctttgactactggggaaagggaacaatggtcactgtcacatcag,acggtgcctttgactactggggaaagggaacaatggtcactgtcacatcag,tggggaaagggaacaatggtcactgtcacatcag,1,193,,,1,133,,,,,,,1,15,16,129,130,159,127,162,127,133,134,193,134,142,,,,,134,134,,,135,141,,,,,142,142,143,162,135,193,143,193,160,193
32,552,productive,Danrer IGHV9-2*01 F,Danrer IGHJ2-2*01 F,,tcagtcggtgattctgataaaagcacagctcagtcagtgcagggcagattcacggcatctaaagacagctccaatttctatctgcacatgaatcaactgaagactgaagatactgctgtgtattactgtgcaagagagatcgacggggcttttgactactggggtaagggaacaatggtcactgtcacatcag,,tcagtcggtgattctgataaaagcacagctcagtcagtgcagggcagattcacggcatctaaagacagctccaatttctatctgcacatgaatcaactgaagactgaagatactgctgtgtattactgtgcaa,,,,tcagtcggtgattct,gataaaagcacagctcagtcagtgcagggcagattcacggcatctaaagacagctccaatttctatctgcacatgaatcaactgaagactgaagatactgctgtgtattactgt,gcaagagagatcgacggggcttttgactac,tgtgcaagagagatcgacggggcttttgactactgg,tgtgcaa,,,,gagagatcg,,,,,,,acggggcttttgactactgg,,acggggcttttgactactggggtaagggaacaatggtcactgtcacatcag,tggggtaagggaacaatggtcactgtcacatcag,1,193,,,1,133,,,,,,,1,15,16,129,130,159,127,162,127,133,,,,,,,134,142,,,,,,,,,,,,,143,162,,,143,193,160,193
33,569,productive,Danrer IGHV9-2*01 F,Danrer IGHJ2-2*01 F,Danrer IGHD2-3*01 F,tcagtcggtgattctgataaaagcacagctcagtcagtgcagggcggattcacggcatctaaagacagctccaatttctatctgcacatgaatcaactgaagactgaagatactgctgtgtattactgtgcaagagagaggtacggtgcctttgactactggggaaagggaacaatggtcactgtcacatcag,,tcagtcggtgattctgataaaagcacagctcagtcagtgcagggcggattcacggcatctaaagacagctccaatttctatctgcacatgaatcaactgaagactgaagatactgctgtgtattactgtgcaa,,,,tcagtcggtgattct,gataaaagcacagctcagtcagtgcagggcggattcacggcatctaaagacagctccaatttctatctgcacatgaatcaactgaagactgaagatactgctgtgtattactgt,gcaagagagaggtacggtgcctttgactac,tgtgcaagagagaggtacggtgcctttgactactgg,tgtgcaa,gagagaggtacggtgcctttgactactggggaaagggaacaatggtcactgtcacatcag,gagagaggt,,,ga,,gagagg,,,t,acggtgcctttgactactgg,gagaggtacggtgcctttgactactggggaaagggaacaatggtcactgtcacatcag,acggtgcctttgactactggggaaagggaacaatggtcactgtcacatcag,tggggaaagggaacaatggtcactgtcacatcag,1,193,,,1,133,,,,,,,1,15,16,129,130,159,127,162,127,133,134,193,134,142,,,,,134,135,,,136,141,,,,,142,142,143,162,136,193,143,193,160,193
34,570,productive,Danrer IGHV9-2*01 F,Danrer IGHJ2-2*01 F,Danrer IGHD2-3*01 F,tcagtcggtgattctgataaaagcacagctcagtcagtgcagggcagattcacggcatctaaagacagctccaatttgcatctgcacatgaatcaactgaagactgaagatactgctgtgtattactgtgcaagagagaggtacggtgcctttgactactggggaaagggaacaatggtcactgtcacatcag,,tcagtcggtgattctgataaaagcacagctcagtcagtgcagggcagattcacggcatctaaagacagctccaatttgcatctgcacatgaatcaactgaagactgaagatactgctgtgtattactgtgcaa,,,,tcagtcggtgattct,gataaaagcacagctcagtcagtgcagggcagattcacggcatctaaagacagctccaatttgcatctgcacatgaatcaactgaagactgaagatactgctgtgtattactgt,gcaagagagaggtacggtgcctttgactac,tgtgcaagagagaggtacggtgcctttgactactgg,tgtgcaa,gagagaggtacggtgcctttgactactggggaaagggaacaatggtcactgtcacatcag,gagagaggt,,,ga,,gagagg,,,t,acggtgcctttgactactgg,gagaggtacggtgcctttgactactggggaaagggaacaatggtcactgtcacatcag,acggtgcctttgactactggggaaagggaacaatggtcactgtcacatcag,tggggaaagggaacaatggtcactgtcacatcag,1,193,,,1,133,,,,,,,1,15,16,129,130,159,127,162,127,133,134,193,134,142,,,,,134,135,,,136,141,,,,,142,142,143,162,136,193,143,193,160,193
35,585,productive,Danrer IGHV9-2*01 F,Danrer IGHJ2-2*01 F,Danrer IGHD2-2*01 F,ccagtcggtgattctgataaaagcacagctcagtcagtgcagggcagattcacggcatctaaagacagctccaatttctatctgcacatgaatcaactgaagactgaagatactgctgtgtattactgtgcaagaaaagcgtacggtgcctttgactactggggaaagggaactatggtcaccgcctcgtcag,,ccagtcggtgattctgataaaagcacagctcagtcagtgcagggcagattcacggcatctaaagacagctccaatttctatctgcacatgaatcaactgaagactgaagatactgctgtgtattactgtgcaa,,,,ccagtcggtgattct,gataaaagcacagctcagtcagtgcagggcagattcacggcatctaaagacagctccaatttctatctgcacatgaatcaactgaagactgaagatactgctgtgtattactgt,gcaagaaaagcgtacggtgcctttgactac,tgtgcaagaaaagcgtacggtgcctttgactactgg,tgtgcaa,gaaaagcgtacggtgcctttgactactggggaaagggaactatggtcaccgcctcgtcag,gaaaagcgt,,,g,,aaaagc,,,gt,acggtgcctttgactactgg,aaaagcgtacggtgcctttgactactggggaaagggaactatggtcaccgcctcgtcag,acggtgcctttgactactggggaaagggaactatggtcaccgcctcgtcag,tggggaaagggaactatggtcaccgcctcgtcag,1,193,,,1,133,,,,,,,1,15,16,129,130,159,127,162,127,133,134,193,134,142,,,,,134,134,,,135,140,,,,,141,142,143,162,135,193,143,193,160,193
36,605,productive,Danrer IGHV9-2*01 F,Danrer IGHJ2-2*01 F,Danrer IGHD2-3*01 F,tcagtcggtgattctgataaaagcacagctcagtcagtgcagggcagattcacggcatctaaagacagctccaatttctatctgcacatgaatcaactgaagactgaagatactgctgtgtattactgtgcaagagagaggtacggtgcctttgactactggggaaagggaacgaatggtcactgtcacatca,,tcagtcggtgattctgataaaagcacagctcagtcagtgcagggcagattcacggcatctaaagacagctccaatttctatctgcacatgaatcaactgaagactgaagatactgctgtgtattactgtgcaa,,,,tcagtcggtgattct,gataaaagcacagctcagtcagtgcagggcagattcacggcatctaaagacagctccaatttctatctgcacatgaatcaactgaagactgaagatactgctgtgtattactgt,gcaagagagaggtacggtgcctttgactac,tgtgcaagagagaggtacggtgcctttgactactgg,tgtgcaa,gagagaggtacggtgcctttgactactggggaaagggaacgaatggtcactgtcacatca,gagagaggt,,,ga,,gagagg,,,t,acggtgcctttgactactgg,gagaggtacggtgcctttgactactggggaaagggaacgaatggtcactgtcacatca,acggtgcctttgactactggggaaagggaacgaatggtcactgtcacatca,tggggaaagggaacgaatggtcactgtcacatca,1,193,,,1,133,,,,,,,1,15,16,129,130,159,127,162,127,133,134,193,134,142,,,,,134,135,,,136,141,,,,,142,142,143,162,136,193,143,193,160,193
37,733,productive,Danrer IGHV9-2*01 F,Danrer IGHJ2-2*01 F,Danrer IGHD2-3*01 F,tcagtcggtgattctgataaaagcacagctcagtcagtgcagggcagattcacggcatctaaagacagctccaatttctatctgcacatgaatcaactgaagactgaagatactgctgtgtattactgtgcaagagagaggtacggtgcctttgactactggggaaagggaacaatggtcactgtctcgtcag,,tcagtcggtgattctgataaaagcacagctcagtcagtgcagggcagattcacggcatctaaagacagctccaatttctatctgcacatgaatcaactgaagactgaagatactgctgtgtattactgtgcaa,,,,tcagtcggtgattct,gataaaagcacagctcagtcagtgcagggcagattcacggcatctaaagacagctccaatttctatctgcacatgaatcaactgaagactgaagatactgctgtgtattactgt,gcaagagagaggtacggtgcctttgactac,tgtgcaagagagaggtacggtgcctttgactactgg,tgtgcaa,gagagaggtacggtgcctttgactactggggaaagggaacaatggtcactgtctcgtcag,gagagaggt,,,ga,,gagagg,,,t,acggtgcctttgactactgg,gagaggtacggtgcctttgactactggggaaagggaacaatggtcactgtctcgtcag,acggtgcctttgactactggggaaagggaacaatggtcactgtctcgtcag,tggggaaagggaacaatggtcactgtctcgtcag,1,193,,,1,133,,,,,,,1,15,16,129,130,159,127,162,127,133,134,193,134,142,,,,,134,135,,,136,141,,,,,142,142,143,162,136,193,143,193,160,193
38,734,productive,Danrer IGHV9-2*01 F,Danrer IGHJ2-2*01 F,Danrer IGHD2-3*01 F,tcagtcggtgattctgataaaagcacagctcagtcggtgcagggcagattcacggcatctaaagacagctccaatttctatctgcacatgaatcaactgaagactgaagatactgctgtgtattactgtgcaagagagaggtacggtgcctttgactactggggaaagggaacaatggtcactgtcacatcag,,tcagtcggtgattctgataaaagcacagctcagtcggtgcagggcagattcacggcatctaaagacagctccaatttctatctgcacatgaatcaactgaagactgaagatactgctgtgtattactgtgcaa,,,,tcagtcggtgattct,gataaaagcacagctcagtcggtgcagggcagattcacggcatctaaagacagctccaatttctatctgcacatgaatcaactgaagactgaagatactgctgtgtattactgt,gcaagagagaggtacggtgcctttgactac,tgtgcaagagagaggtacggtgcctttgactactgg,tgtgcaa,gagagaggtacggtgcctttgactactggggaaagggaacaatggtcactgtcacatcag,gagagaggt,,,ga,,gagagg,,,t,acggtgcctttgactactgg,gagaggtacggtgcctttgactactggggaaagggaacaatggtcactgtcacatcag,acggtgcctttgactactggggaaagggaacaatggtcactgtcacatcag,tggggaaagggaacaatggtcactgtcacatcag,1,193,,,1,133,,,,,,,1,15,16,129,130,159,127,162,127,133,134,193,134,142,,,,,134,135,,,136,141,,,,,142,142,143,162,136,193,143,193,160,193
39,741,productive,Danrer IGHV9-2*01 F,Danrer IGHJ2-2*01 F,Danrer IGHD2-3*01 F,tcagtcggtgattctgataaaagcacagctcagtcagtgcagggcagattcacggcatctaaggacagctccaatttctatctgcacatgaatcaactgaagactgaagatactgctgtgtattactgtgcaagagagaggtacggtgcctttgactactggggaaagggaacaatggtcactgtcacatcag,,tcagtcggtgattctgataaaagcacagctcagtcagtgcagggcagattcacggcatctaaggacagctccaatttctatctgcacatgaatcaactgaagactgaagatactgctgtgtattactgtgcaa,,,,tcagtcggtgattct,gataaaagcacagctcagtcagtgcagggcagattcacggcatctaaggacagctccaatttctatctgcacatgaatcaactgaagactgaagatactgctgtgtattactgt,gcaagagagaggtacggtgcctttgactac,tgtgcaagagagaggtacggtgcctttgactactgg,tgtgcaa,gagagaggtacggtgcctttgactactggggaaagggaacaatggtcactgtcacatcag,gagagaggt,,,ga,,gagagg,,,t,acggtgcctttgactactgg,gagaggtacggtgcctttgactactggggaaagggaacaatggtcactgtcacatcag,acggtgcctttgactactggggaaagggaacaatggtcactgtcacatcag,tggggaaagggaacaatggtcactgtcacatcag,1,193,,,1,133,,,,,,,1,15,16,129,130,159,127,162,127,133,134,193,134,142,,,,,134,135,,,136,141,,,,,142,142,143,162,136,193,143,193,160,193
40,742,productive,Danrer IGHV9-2*01 F,Danrer IGHJ2-2*01 F,,ccagtcggtgattctgataaaagcacagctcagtcagtgcagggcagattcacggcatctaaagacagctccaatttctatctgcacatgaatcaactgaagactgaagatactgctgtgtattactgtgcaagagagatcgacggggcttttgactactggggaaagggaacaatggtcactgtcacatcag,,ccagtcggtgattctgataaaagcacagctcagtcagtgcagggcagattcacggcatctaaagacagctccaatttctatctgcacatgaatcaactgaagactgaagatactgctgtgtattactgtgcaa,,,,ccagtcggtgattct,gataaaagcacagctcagtcagtgcagggcagattcacggcatctaaagacagctccaatttctatctgcacatgaatcaactgaagactgaagatactgctgtgtattactgt,gcaagagagatcgacggggcttttgactac,tgtgcaagagagatcgacggggcttttgactactgg,tgtgcaa,,,,gagagatcg,,,,,,,acggggcttttgactactgg,,acggggcttttgactactggggaaagggaacaatggtcactgtcacatcag,tggggaaagggaacaatggtcactgtcacatcag,1,193,,,1,133,,,,,,,1,15,16,129,130,159,127,162,127,133,,,,,,,134,142,,,,,,,,,,,,,143,162,,,143,193,160,193
41,746,productive,Danrer IGHV9-2*01 F,Danrer IGHJ2-2*01 F,Danrer IGHD2-3*01 F,tcagtcggtgattctgataaaagcacagctcagtcagtgcagggcagattcacggcatctaaagacagctccaatttctatctgcacatgaatcaactgaagactgaagatactgctgtgcattactgtgcaagagagaggtacggtgcctttgactactggggaaagggaacaatggtcactgtcacatcag,,tcagtcggtgattctgataaaagcacagctcagtcagtgcagggcagattcacggcatctaaagacagctccaatttctatctgcacatgaatcaactgaagactgaagatactgctgtgcattactgtgcaa,,,,tcagtcggtgattct,gataaaagcacagctcagtcagtgcagggcagattcacggcatctaaagacagctccaatttctatctgcacatgaatcaactgaagactgaagatactgctgtgcattactgt,gcaagagagaggtacggtgcctttgactac,tgtgcaagagagaggtacggtgcctttgactactgg,tgtgcaa,gagagaggtacggtgcctttgactactggggaaagggaacaatggtcactgtcacatcag,gagagaggt,,,ga,,gagagg,,,t,acggtgcctttgactactgg,gagaggtacggtgcctttgactactggggaaagggaacaatggtcactgtcacatcag,acggtgcctttgactactggggaaagggaacaatggtcactgtcacatcag,tggggaaagggaacaatggtcactgtcacatcag,1,193,,,1,133,,,,,,,1,15,16,129,130,159,127,162,127,133,134,193,134,142,,,,,134,135,,,136,141,,,,,142,142,143,162,136,193,143,193,160,193
42,750,productive,Danrer IGHV9-2*01 F,Danrer IGHJ2-2*01 F,Danrer IGHD2-3*01 F,tcagtcggtgattctgatagaagcacagctcagtcagtgcagggcagattcacggcatctaaagacagctccaatttctatctgcacatgaatcaactgaagactgaagatactgctgtgtattactgtgcaagagagaggtacggtgcctttgactactggggaaaggggacaatggtcactgtcacatcag,,tcagtcggtgattctgatagaagcacagctcagtcagtgcagggcagattcacggcatctaaagacagctccaatttctatctgcacatgaatcaactgaagactgaagatactgctgtgtattactgtgcaa,,,,tcagtcggtgattct,gatagaagcacagctcagtcagtgcagggcagattcacggcatctaaagacagctccaatttctatctgcacatgaatcaactgaagactgaagatactgctgtgtattactgt,gcaagagagaggtacggtgcctttgactac,tgtgcaagagagaggtacggtgcctttgactactgg,tgtgcaa,gagagaggtacggtgcctttgactactggggaaaggggacaatggtcactgtcacatcag,gagagaggt,,,ga,,gagagg,,,t,acggtgcctttgactactgg,gagaggtacggtgcctttgactactggggaaaggggacaatggtcactgtcacatcag,acggtgcctttgactactggggaaaggggacaatggtcactgtcacatcag,tggggaaaggggacaatggtcactgtcacatcag,1,193,,,1,133,,,,,,,1,15,16,129,130,159,127,162,127,133,134,193,134,142,,,,,134,135,,,136,141,,,,,142,142,143,162,136,193,143,193,160,193
43,758,productive,Danrer IGHV9-2*01 F,Danrer IGHJ2-2*01 F,,tcagtcggtgattctgataaaagcacagctcagtcagtgcagggcagattcacggcatctaaagacagctccaatttatatctgcacatgaatcaactgaagactgaagatactgctgtgtattactgtgcaagagagatcgacggtgcctttgactactggggaaagggaactatggtcaccgtctcgtcag,,tcagtcggtgattctgataaaagcacagctcagtcagtgcagggcagattcacggcatctaaagacagctccaatttatatctgcacatgaatcaactgaagactgaagatactgctgtgtattactgtgcaa,,,,tcagtcggtgattct,gataaaagcacagctcagtcagtgcagggcagattcacggcatctaaagacagctccaatttatatctgcacatgaatcaactgaagactgaagatactgctgtgtattactgt,gcaagagagatcgacggtgcctttgactac,tgtgcaagagagatcgacggtgcctttgactactgg,tgtgcaa,,,,gagagatcg,,,,,,,acggtgcctttgactactgg,,acggtgcctttgactactggggaaagggaactatggtcaccgtctcgtcag,tggggaaagggaactatggtcaccgtctcgtcag,1,193,,,1,133,,,,,,,1,15,16,129,130,159,127,162,127,133,,,,,,,134,142,,,,,,,,,,,,,143,162,,,143,193,160,193
44,789,productive,Danrer IGHV9-2*01 F,Danrer IGHJ2-2*01 F,Danrer IGHD2-3*01 F,tcagtcggtgattctgataaaagcacagctcagtcagtgcaaggcagattcacggcatctaaagacagctccaatttctatctgcacatgaatcaactgaagactgaagatactgctgtgtattactgtgcaagagagaggtacggtgcctttgactactggggaaagggaacaatggtcactgtcacatcag,,tcagtcggtgattctgataaaagcacagctcagtcagtgcaaggcagattcacggcatctaaagacagctccaatttctatctgcacatgaatcaactgaagactgaagatactgctgtgtattactgtgcaa,,,,tcagtcggtgattct,gataaaagcacagctcagtcagtgcaaggcagattcacggcatctaaagacagctccaatttctatctgcacatgaatcaactgaagactgaagatactgctgtgtattactgt,gcaagagagaggtacggtgcctttgactac,tgtgcaagagagaggtacggtgcctttgactactgg,tgtgcaa,gagagaggtacggtgcctttgactactggggaaagggaacaatggtcactgtcacatcag,gagagaggt,,,ga,,gagagg,,,t,acggtgcctttgactactgg,gagaggtacggtgcctttgactactggggaaagggaacaatggtcactgtcacatcag,acggtgcctttgactactggggaaagggaacaatggtcactgtcacatcag,tggggaaagggaacaatggtcactgtcacatcag,1,193,,,1,133,,,,,,,1,15,16,129,130,159,127,162,127,133,134,193,134,142,,,,,134,135,,,136,141,,,,,142,142,143,162,136,193,143,193,160,193
